{
  "selection": {
    "n_total": 1701,
    "n_selected": 1580,
    "bao_dataset": "DESI_DR2_builtin",
    "growth_dataset": "Gold2017_fsigma8.csv"
  },
  "priors": {
    "h_mean": 0.674,
    "h_sigma": 0.005,
    "omega_b_mean": 0.02237,
    "omega_b_sigma": 0.00015,
    "omega_c_mean": 0.12,
    "omega_c_sigma": 0.0012,
    "beta0_mean": null,
    "beta0_sigma": null
  },
  "lcdm": {
    "h": 0.6784343326743829,
    "omega_b": 0.0223477078372248,
    "omega_c": 0.11970382815688511,
    "Omega_m": 0.30862442860853495,
    "chi2_total": 1418.263700469851,
    "chi2_sn": 1388.7267499864101,
    "chi2_bao": 12.491532665780376,
    "chi2_prior": 0.8695336076357931,
    "chi2_posterior_effective": 1419.1332340774868,
    "Mhat": 23.799800988067343,
    "r_d_Mpc": 148.24300479806465,
    "z_drag": 1020.58604021913,
    "Omega_b0": 0.048553143151229036,
    "Omega_c0": 0.2600712854573059,
    "Omega_r0": 9.074996977577663e-05,
    "chi2_growth": 17.045417817660454,
    "sigma8_0_pred": 0.8109146417264301,
    "S8_0_pred": 0.8224881775437374,
    "fs8_pred": [
      0.4279437569001607,
      0.4279437569001607,
      0.4279437569001607,
      0.4459048598744564,
      0.4545919457874508,
      0.4575521530313398,
      0.4589260950495675,
      0.47335999476524204,
      0.46666494422681837,
      0.4731552584750592,
      0.47139626311972166,
      0.4685637000489656,
      0.4736526645231139,
      0.46798477455800347,
      0.4584527716470006,
      0.46798477455800347,
      0.4461943793574147,
      0.38595211785719324
    ]
  },
  "nchains": 8,
  "nsteps": 1000,
  "burn": 300,
  "acceptance_mean": 0.191875,
  "acceptance_per_chain": [
    0.171,
    0.213,
    0.175,
    0.191,
    0.173,
    0.203,
    0.205,
    0.204
  ],
  "runtime_per_chain_sec": [
    3192.0558037757874,
    3689.792712688446,
    3055.1882424354553,
    3070.399044752121,
    2882.4526257514954,
    3359.505943775177,
    3191.260148525238,
    3117.3434538841248
  ],
  "Rhat": {
    "beta0": 1.3970442355765411,
    "nu2": 1.6475766161542595,
    "x_ini": 1.312174887108433,
    "h": 1.3003581304380698,
    "omega_b": 1.010276795687393,
    "omega_c": 1.0173810985998095
  },
  "best_fit_tuo": {
    "beta0": 0.006187606640975078,
    "nu2": 0.02458144996904729,
    "x_ini": 0.2626614390272277,
    "h": 0.6889377235581708,
    "omega_b": 0.022432491385008684,
    "omega_c": 0.11956538552871433,
    "logpost": -712.9413997592899,
    "chi2_total": 1416.6348802402,
    "chi2_sn": 1390.4069655314088,
    "chi2_bao": 10.59945013860171,
    "chi2_growth": 15.628464570189331,
    "chi2_prior": 9.247919278379863,
    "Omega_V0": 0.7007836400571713,
    "z_eq": 3398.5351459789545,
    "z_t": 0.672806662001948,
    "f_TUO_zstar": 0.0009674964754980321,
    "r_d_Mpc": 147.12540313605018,
    "z_drag": 1020.7688085881753,
    "sigma8_0_pred": 0.8110975022937522,
    "S8_0_pred": 0.8099783234923744,
    "Omega_b0": 0.047262596626180715,
    "Omega_c0": 0.2519100749760624,
    "Omega_r0": 8.800395552886455e-05
  },
  "delta_chi2_tuo_minus_lcdm": -1.6288202296511827,
  "delta_chi2eff_tuo_minus_lcdm": 6.749565441092955,
  "posterior_quantiles_16_50_84": {
    "beta0": [
      -0.009541888886118063,
      0.0078548376991726,
      0.037095923743533904
    ],
    "nu2": [
      0.009043649736291499,
      0.03307970278411987,
      0.051468616011190904
    ],
    "x_ini": [
      0.0255208392862544,
      0.06829713494042623,
      0.1653314104928841
    ],
    "h": [
      0.6771736761202621,
      0.6808021701328067,
      0.6833669899705287
    ],
    "omega_b": [
      0.022194000955491667,
      0.022339816935376677,
      0.022481461356636916
    ],
    "omega_c": [
      0.11896643335156515,
      0.11970377233960022,
      0.12047736715005546
    ]
  }
}