{
  "selection": {
    "n_total": 1701,
    "n_selected": 1580,
    "bao_dataset": "DESI_DR2_builtin",
    "growth_dataset": "eBOSS_DR16_fs8.csv"
  },
  "priors": {
    "h_mean": 0.674,
    "h_sigma": 0.005,
    "omega_b_mean": 0.02237,
    "omega_b_sigma": 0.00015,
    "omega_c_mean": 0.12,
    "omega_c_sigma": 0.0012,
    "beta0_mean": null,
    "beta0_sigma": null
  },
  "lcdm": {
    "h": 0.6784343326743829,
    "omega_b": 0.0223477078372248,
    "omega_c": 0.11970382815688511,
    "Omega_m": 0.30862442860853495,
    "chi2_total": 1407.0131193295597,
    "chi2_sn": 1388.7267499864101,
    "chi2_bao": 12.491532665780376,
    "chi2_prior": 0.8695336076357931,
    "chi2_posterior_effective": 1407.8826529371954,
    "Mhat": 23.799800988067343,
    "r_d_Mpc": 148.24300479806465,
    "z_drag": 1020.58604021913,
    "Omega_b0": 0.048553143151229036,
    "Omega_c0": 0.2600712854573059,
    "Omega_r0": 9.074996977577663e-05,
    "chi2_growth": 5.794836677369125,
    "sigma8_0_pred": 0.8109146417264301,
    "S8_0_pred": 0.8224881775437374,
    "fs8_pred": [
      0.47335999476524204,
      0.47219267911529306,
      0.46045781151448556,
      0.4472059477031006,
      0.3771284390049463
    ]
  },
  "nchains": 8,
  "nsteps": 1000,
  "burn": 300,
  "acceptance_mean": 0.19387500000000002,
  "acceptance_per_chain": [
    0.193,
    0.177,
    0.19,
    0.203,
    0.194,
    0.204,
    0.188,
    0.202
  ],
  "runtime_per_chain_sec": [
    2320.7472879886627,
    2146.4921066761017,
    2166.5876462459564,
    2272.0585312843323,
    2327.1030688285828,
    2268.5198612213135,
    2239.4729351997375,
    2322.8814430236816
  ],
  "Rhat": {
    "beta0": 2.087550487137459,
    "nu2": 1.2654381727331907,
    "x_ini": 1.0745561639145131,
    "h": 1.102013487357097,
    "omega_b": 1.0089203609896338,
    "omega_c": 1.021590300182163
  },
  "best_fit_tuo": {
    "beta0": 0.05223953255072483,
    "nu2": 0.026288494741289376,
    "x_ini": 0.040340288980409526,
    "h": 0.6828809479731095,
    "omega_b": 0.022365101941268842,
    "omega_c": 0.12054783614309911,
    "logpost": -705.1328727028432,
    "chi2_total": 1406.3983430792475,
    "chi2_sn": 1389.620446383953,
    "chi2_bao": 11.300173916762942,
    "chi2_growth": 5.477722778531375,
    "chi2_prior": 3.867402326438934,
    "Omega_V0": 0.6960132546123624,
    "z_eq": 3420.4410731891985,
    "z_t": 0.6609697117123113,
    "f_TUO_zstar": 2.4709198684684346e-05,
    "r_d_Mpc": 147.9614623314449,
    "z_drag": 1020.6976571309127,
    "sigma8_0_pred": 0.8195992884062346,
    "S8_0_pred": 0.8283840398167903,
    "Omega_b0": 0.04796018939483539,
    "Omega_c0": 0.2585052850527098,
    "Omega_r0": 8.957197117716926e-05
  },
  "delta_chi2_tuo_minus_lcdm": -0.6147762503121612,
  "delta_chi2eff_tuo_minus_lcdm": 2.383092468490986,
  "posterior_quantiles_16_50_84": {
    "beta0": [
      -0.011549804398266526,
      0.023921709676101428,
      0.06099941141556278
    ],
    "nu2": [
      0.014197821083640181,
      0.025860253218468583,
      0.04272425317554598
    ],
    "x_ini": [
      0.01767788328080591,
      0.0497112852812322,
      0.12103117490179197
    ],
    "h": [
      0.6774129897569032,
      0.6796390604823828,
      0.6827064741333182
    ],
    "omega_b": [
      0.02217671072090251,
      0.0223280330029695,
      0.022480267855395916
    ],
    "omega_c": [
      0.1190257293374614,
      0.11991060394411741,
      0.12064209136920803
    ]
  }
}