{
  "nsamples": 1600,
  "param_cols": [
    "beta0",
    "nu2",
    "x_ini"
  ],
  "obs_cols": [
    "chi2",
    "delta_chi2",
    "Omega_V0",
    "z_eq",
    "z_t",
    "f_TUO_zstar"
  ],
  "best_fit_from_summary": {
    "beta0": 4.2129444525533695e-05,
    "nu2": 0.02810501081663158,
    "x_ini": 0.03146260711426606,
    "chi2": 1390.2238172590733,
    "Omega_V0": 0.6999079958776645,
    "z_eq": 3259.839603574779,
    "z_t": 0.6704613553854117,
    "f_TUO_zstar": 1.4909691739946711e-05,
    "delta_chi2_tuo_minus_lcdm": 3.1248211413621902,
    "logpost": -710.0598215820336
  },
  "best_sample_row_index": 871,
  "best_sample": {
    "beta0": 4.2129444525533695e-05,
    "nu2": 0.0281050108166315,
    "x_ini": 0.031462607114266,
    "logpost": -710.0598215820336,
    "chi2": 1390.2238172590733,
    "Omega_V0": 0.6999079958776645,
    "z_eq": 3259.839603574779,
    "z_t": 0.6704613553854117,
    "f_TUO_zstar": 1.4909691739946711e-05,
    "delta_chi2": 3.1248211413621902
  },
  "quantiles": {
    "beta0": {
      "q16": 0.0111106277770344,
      "q50": 0.030751507860716253,
      "q84": 0.06472610143726384
    },
    "nu2": {
      "q16": 0.0153093538974762,
      "q50": 0.0286160367041168,
      "q84": 0.0436550535428865
    },
    "x_ini": {
      "q16": 0.060895626653799204,
      "q50": 0.21473338689435262,
      "q84": 0.3862423651515886
    },
    "chi2": {
      "q16": 1390.2533840537071,
      "q50": 1390.462611913681,
      "q84": 1391.296224720776
    },
    "delta_chi2": {
      "q16": 3.1543879359960556,
      "q50": 3.363615795969963,
      "q84": 4.197228603065014
    },
    "Omega_V0": {
      "q16": 0.7000220467808012,
      "q50": 0.7007234723849507,
      "q84": 0.7033869032909517
    },
    "z_eq": {
      "q16": 3259.8396035747787,
      "q50": 3259.839603574779,
      "q84": 3259.839603574781
    },
    "z_t": {
      "q16": 0.6707950728311699,
      "q50": 0.6733092994721686,
      "q84": 0.6850520837864331
    },
    "f_TUO_zstar": {
      "q16": 5.609823077933217e-05,
      "q50": 0.00070017892729695,
      "q84": 0.0016612324643298
    }
  },
  "input_summary_excerpt": {
    "lcdm": {
      "omega_m": 0.33162122424555857,
      "chi2": 1387.098996117711,
      "Mhat": 23.8072024468388
    },
    "mcmc": {
      "nchains": 8,
      "nsteps": 300,
      "burn": 100,
      "bg_npts": 3000,
      "runtime_sec": 19.14439034461975,
      "backend": "numba",
      "use_numba_shoot": true,
      "acceptance_mean": 0.5954166666666667,
      "acceptance_by_chain": [
        0.5866666666666667,
        0.6533333333333333,
        0.6066666666666667,
        0.58,
        0.5933333333333334,
        0.5466666666666666,
        0.6433333333333333,
        0.5533333333333333
      ],
      "runtime_by_chain_sec": [
        2.1405117511749268,
        2.2869818210601807,
        2.267756938934326,
        2.1310970783233643,
        2.1360583305358887,
        1.9271366596221924,
        2.2626500129699707,
        1.9155044555664062
      ],
      "rhat": {
        "beta0": 1.0288594580462478,
        "nu2": 1.0686428179779388,
        "x_ini": 1.107176385352109
      },
      "posterior_16_50_84": {
        "beta0": [
          0.011110627777034462,
          0.030751507860716308,
          0.06472610143726391
        ],
        "nu2": [
          0.01530935389747624,
          0.028616036704116863,
          0.043655053542886596
        ],
        "x_ini": [
          0.06089562665379923,
          0.21473338689435265,
          0.38624236515158866
        ]
      },
      "best_fit": {
        "beta0": 4.2129444525533695e-05,
        "nu2": 0.02810501081663158,
        "x_ini": 0.03146260711426606,
        "chi2": 1390.2238172590733,
        "Omega_V0": 0.6999079958776645,
        "z_eq": 3259.839603574779,
        "z_t": 0.6704613553854117,
        "f_TUO_zstar": 1.4909691739946711e-05,
        "delta_chi2_tuo_minus_lcdm": 3.1248211413621902,
        "logpost": -710.0598215820336
      }
    }
  }
}