{
  "selection": {
    "n_total": 1701,
    "n_selected": 1580,
    "bao_dataset": "desi_dr2"
  },
  "lcdm": {
    "omega_m": 0.2980017601908243,
    "chi2_total": 1407.033275353494,
    "chi2_sn": 1390.6759350821376,
    "chi2_bao": 16.357340271356485,
    "Mhat": 23.796266588811346,
    "r_d_Mpc": 149.61901674780864,
    "z_drag": 1020.789193954968
  },
  "nchains": 8,
  "nsteps": 1000,
  "burn": 300,
  "acceptance_mean": 0.387375,
  "acceptance_per_chain": [
    0.437,
    0.355,
    0.421,
    0.383,
    0.341,
    0.391,
    0.354,
    0.417
  ],
  "runtime_per_chain_sec": [
    154.42424488067627,
    141.20363116264343,
    154.89453721046448,
    145.59918355941772,
    141.5930211544037,
    142.6100811958313,
    140.2975389957428,
    150.59115934371948
  ],
  "Rhat": {
    "beta0": 1.008965499135223,
    "nu2": 1.0154754112863613,
    "x_ini": 1.0137064683103456
  },
  "best_fit_tuo": {
    "beta0": 9.122798711280484e-05,
    "nu2": 0.046086455836453655,
    "x_ini": 0.0010233358130356455,
    "logpost": -718.4794701046749,
    "chi2_total": 1407.075495221539,
    "chi2_sn": 1390.223919056356,
    "chi2_bao": 16.85157616518321,
    "Omega_V0": 0.6999080043668473,
    "z_eq": 3259.8690434431683,
    "z_t": 0.6704563472196113,
    "f_TUO_zstar": 1.712494997503809e-08,
    "r_d_Mpc": 149.35875446911047,
    "z_drag": 1020.8749338611531
  },
  "delta_chi2_tuo_minus_lcdm": 0.0422198680450947,
  "posterior_quantiles_16_50_84": {
    "beta0": [
      0.005281140372769275,
      0.015646389808598095,
      0.02994949760550082
    ],
    "nu2": [
      0.013112336063474188,
      0.031768147209177,
      0.05048052079982451
    ],
    "x_ini": [
      0.013626644107005273,
      0.04704011575715398,
      0.09256300848709165
    ]
  }
}