{
  "selection": {
    "n_total": 1701,
    "n_selected": 1580,
    "bao_dataset": "DESI_DR2_builtin",
    "growth_dataset": "Gold2017_fsigma8.csv"
  },
  "priors": {
    "h_mean": 0.674,
    "h_sigma": 0.005,
    "omega_b_mean": 0.02237,
    "omega_b_sigma": 0.00015,
    "omega_c_mean": 0.12,
    "omega_c_sigma": 0.0012,
    "sigma8_mean": null,
    "sigma8_sigma": null
  },
  "lcdm": {
    "h": 0.6784343326743829,
    "omega_b": 0.0223477078372248,
    "omega_c": 0.11970382815688511,
    "Omega_m": 0.30862442860853495,
    "chi2_total": 1415.1528404938133,
    "chi2_sn": 1388.7267499864101,
    "chi2_bao": 12.491532665780376,
    "chi2_prior": 0.8695336076357931,
    "chi2_posterior_effective": 1416.022374101449,
    "Mhat": 23.799800988067343,
    "r_d_Mpc": 148.24300479806465,
    "z_drag": 1020.58604021913,
    "Omega_b0": 0.048553143151229036,
    "Omega_c0": 0.2600712854573059,
    "Omega_r0": 9.074996977577663e-05,
    "sigma8_0_hat": 0.42130948359625287,
    "chi2_growth": 13.93455784162282
  },
  "nchains": 8,
  "nsteps": 1000,
  "burn": 300,
  "acceptance_mean": 0.27175,
  "acceptance_per_chain": [
    0.277,
    0.268,
    0.285,
    0.264,
    0.268,
    0.273,
    0.264,
    0.275
  ],
  "runtime_per_chain_sec": [
    1261.9533061981201,
    1346.3581421375275,
    1300.9306287765503,
    1326.5360436439514,
    1369.0372879505157,
    1353.4913477897644,
    1297.8381357192993,
    1332.7728078365326
  ],
  "Rhat": {
    "beta0": 1.0092925363006302,
    "nu2": 1.0175229742679928,
    "x_ini": 1.0141971496162965,
    "h": 1.0126263377165015,
    "omega_b": 1.0097539533885438,
    "omega_c": 1.0069865450970166
  },
  "best_fit_tuo": {
    "beta0": 0.006456343046630541,
    "nu2": 0.01018262459726295,
    "x_ini": 0.005641490341451144,
    "h": 0.6782692406090967,
    "omega_b": 0.02236763651714267,
    "omega_c": 0.1198666258027856,
    "logpost": -707.3022659508177,
    "chi2_total": 1413.8557622738251,
    "chi2_sn": 1388.6557510197163,
    "chi2_bao": 12.75453226671457,
    "chi2_growth": 12.445478987394367,
    "chi2_prior": 0.7416581316347077,
    "Omega_V0": 0.6907877149297112,
    "z_eq": 3404.1925718721877,
    "z_t": 0.6466620252243414,
    "f_TUO_zstar": 4.835988978978956e-07,
    "r_d_Mpc": 148.17430698147194,
    "z_drag": 1020.645736660503,
    "sigma8_0_hat": 0.7510703508639706,
    "Omega_b0": 0.04862010047605401,
    "Omega_c0": 0.26055177469423074,
    "Omega_r0": 9.079415259396772e-05
  },
  "delta_chi2_tuo_minus_lcdm": -1.2970782199881796,
  "delta_chi2eff_tuo_minus_lcdm": -1.4249536959891884,
  "posterior_quantiles_16_50_84": {
    "beta0": [
      0.00694045749784112,
      0.02464270932596783,
      0.04753043433814117
    ],
    "nu2": [
      0.011294989910968672,
      0.030810144919199922,
      0.050834337336328625
    ],
    "x_ini": [
      0.02728311225075834,
      0.09158427287687022,
      0.17278754693587747
    ],
    "h": [
      0.6774595971849157,
      0.6802941957724694,
      0.6836256609197332
    ],
    "omega_b": [
      0.022187021226220134,
      0.02232831691132642,
      0.02247742689878309
    ],
    "omega_c": [
      0.11893756908191298,
      0.11971594683835837,
      0.1204154468075028
    ]
  }
}