{
  "selection": {
    "n_total": 1701,
    "n_selected": 1580,
    "bao_dataset": "DESI_DR2_builtin",
    "growth_dataset": "eBOSS_DR16_fs8.csv"
  },
  "priors": {
    "h_mean": 0.674,
    "h_sigma": 0.005,
    "omega_b_mean": 0.02237,
    "omega_b_sigma": 0.00015,
    "omega_c_mean": 0.12,
    "omega_c_sigma": 0.0012,
    "sigma8_mean": null,
    "sigma8_sigma": null
  },
  "lcdm": {
    "h": 0.6784343326743829,
    "omega_b": 0.0223477078372248,
    "omega_c": 0.11970382815688511,
    "Omega_m": 0.30862442860853495,
    "chi2_total": 1403.873186056542,
    "chi2_sn": 1388.7267499864101,
    "chi2_bao": 12.491532665780376,
    "chi2_prior": 0.8695336076357931,
    "chi2_posterior_effective": 1404.7427196641777,
    "Mhat": 23.799800988067343,
    "r_d_Mpc": 148.24300479806465,
    "z_drag": 1020.58604021913,
    "Omega_b0": 0.048553143151229036,
    "Omega_c0": 0.2600712854573059,
    "Omega_r0": 9.074996977577663e-05,
    "sigma8_0_hat": 0.4633482248227387,
    "chi2_growth": 2.654903404351453
  },
  "nchains": 8,
  "nsteps": 1000,
  "burn": 300,
  "acceptance_mean": 0.274,
  "acceptance_per_chain": [
    0.255,
    0.268,
    0.301,
    0.267,
    0.275,
    0.273,
    0.264,
    0.289
  ],
  "runtime_per_chain_sec": [
    2120.4951701164246,
    2220.360414505005,
    2175.7747185230255,
    2135.8801147937775,
    2258.110902786255,
    2217.833660364151,
    2133.50887966156,
    2200.6423559188843
  ],
  "Rhat": {
    "beta0": 1.0123226678944957,
    "nu2": 1.0346854005295831,
    "x_ini": 1.023280746978925,
    "h": 1.01397214582353,
    "omega_b": 1.0251968996659493,
    "omega_c": 1.0206764769527952
  },
  "best_fit_tuo": {
    "beta0": 0.006456343046630541,
    "nu2": 0.01018262459726295,
    "x_ini": 0.005641490341451144,
    "h": 0.6782692406090967,
    "omega_b": 0.02236763651714267,
    "omega_c": 0.1198666258027856,
    "logpost": -703.7255170891644,
    "chi2_total": 1406.7022645505185,
    "chi2_sn": 1388.6557510197163,
    "chi2_bao": 12.75453226671457,
    "chi2_growth": 5.291981264087674,
    "chi2_prior": 0.7416581316347077,
    "Omega_V0": 0.6907877149297112,
    "z_eq": 3404.1925718721877,
    "z_t": 0.6466620252243414,
    "f_TUO_zstar": 4.835988978978956e-07,
    "r_d_Mpc": 148.17430698147194,
    "z_drag": 1020.645736660503,
    "sigma8_0_hat": 0.8399081250994037,
    "Omega_b0": 0.04862010047605401,
    "Omega_c0": 0.26055177469423074,
    "Omega_r0": 9.079415259396772e-05
  },
  "delta_chi2_tuo_minus_lcdm": 2.829078493976567,
  "delta_chi2eff_tuo_minus_lcdm": 2.7012030179755584,
  "posterior_quantiles_16_50_84": {
    "beta0": [
      0.007644331039503547,
      0.028141825417932857,
      0.052603383489088454
    ],
    "nu2": [
      0.012843801257200594,
      0.03242242334304219,
      0.05150549887175896
    ],
    "x_ini": [
      0.0286822547863458,
      0.08607039783189521,
      0.1626114832852577
    ],
    "h": [
      0.6772161840883828,
      0.6804173269498176,
      0.6837284009014856
    ],
    "omega_b": [
      0.022180364299491075,
      0.022334949440880103,
      0.022479728263411314
    ],
    "omega_c": [
      0.118983080220725,
      0.11971784825512125,
      0.12042664300610416
    ]
  }
}