{
  "selection": {
    "n_total": 1701,
    "n_selected": 1580,
    "bao_dataset": "DESI_DR2_builtin",
    "growth_dataset": "eBOSS_DR16_fs8.csv"
  },
  "sector": "positive",
  "sector_cfg": {
    "sector": "positive",
    "beta_floor": 0.0001,
    "beta_max": 0.1,
    "nu_min": 0.005,
    "nu_max": 0.06,
    "x_min": 0.0001,
    "x_max": 0.6
  },
  "priors": {
    "h_mean": 0.674,
    "h_sigma": 0.005,
    "omega_b_mean": 0.02237,
    "omega_b_sigma": 0.00015,
    "omega_c_mean": 0.12,
    "omega_c_sigma": 0.0012,
    "beta0_mean": null,
    "beta0_sigma": null
  },
  "lcdm": {
    "h": 0.6784343326743829,
    "omega_b": 0.0223477078372248,
    "omega_c": 0.11970382815688511,
    "Omega_m": 0.30862442860853495,
    "chi2_total": 1407.0131193295597,
    "chi2_sn": 1388.7267499864101,
    "chi2_bao": 12.491532665780376,
    "chi2_prior": 0.8695336076357931,
    "chi2_posterior_effective": 1407.8826529371954,
    "Mhat": 23.799800988067343,
    "r_d_Mpc": 148.24300479806465,
    "z_drag": 1020.58604021913,
    "Omega_b0": 0.048553143151229036,
    "Omega_c0": 0.2600712854573059,
    "Omega_r0": 9.074996977577663e-05,
    "chi2_growth": 5.794836677369125,
    "sigma8_0_pred": 0.8109146417264301,
    "S8_0_pred": 0.8224881775437374,
    "fs8_pred": [
      0.47335999476524204,
      0.47219267911529306,
      0.46045781151448556,
      0.4472059477031006,
      0.3771284390049463
    ]
  },
  "nchains": 8,
  "nsteps": 2000,
  "burn": 500,
  "acceptance_mean": 0.3433125,
  "acceptance_per_chain": [
    0.341,
    0.3485,
    0.327,
    0.346,
    0.336,
    0.363,
    0.3465,
    0.3385
  ],
  "runtime_per_chain_sec": [
    8505.891345739365,
    8508.1374335289,
    8497.029491901398,
    8500.522494077682,
    8516.529471874237,
    8508.1558303833,
    8522.864176273346,
    8549.927917957306
  ],
  "Rhat_theta": {
    "beta0": 1.012419670665013,
    "nu2": 1.0155453862367894,
    "x_ini": 1.0132626722751124,
    "h": 1.0117015083895406,
    "omega_b": 1.0102690548878186,
    "omega_c": 1.0063816419908798
  },
  "Rhat_u": {
    "u_beta": 1.0142663645615666,
    "u_nu": 1.0169767331348374,
    "u_x": 1.0137178512417986,
    "u_h": 1.011701508389547,
    "u_omega_b": 1.0102690548878273,
    "u_omega_c": 1.0063816419908633
  },
  "best_fit_tuo": {
    "beta0": 0.05223303829698379,
    "nu2": 0.006848130552765438,
    "x_ini": 0.06685973932694354,
    "h": 0.6826953857562399,
    "omega_b": 0.022262129956987023,
    "omega_c": 0.11992854780763089,
    "logpost": -717.8093099172893,
    "chi2_total": 1406.3832051042837,
    "chi2_sn": 1389.8648779466748,
    "chi2_bao": 11.050136593550143,
    "chi2_growth": 5.468190564058642,
    "chi2_prior": 3.5470428317776785,
    "Omega_V0": 0.6981913136662268,
    "z_eq": 3403.1495712962583,
    "z_t": 0.6645420382194447,
    "f_TUO_zstar": 6.806630914551913e-05,
    "r_d_Mpc": 148.20155137396725,
    "z_drag": 1020.4082223857195,
    "sigma8_0_pred": 0.819562690181776,
    "S8_0_pred": 0.8264758096550759,
    "Omega_b0": 0.04776532956725726,
    "Omega_c0": 0.25731709506781386,
    "Omega_r0": 8.962067059062255e-05
  },
  "delta_chi2_tuo_minus_lcdm": -0.6299142252760248,
  "delta_chi2eff_tuo_minus_lcdm": 2.0475949988658613,
  "delta_AIC_tuo_minus_lcdm": 5.370085774723975,
  "delta_AICeff_tuo_minus_lcdm": 8.047594998865861,
  "posterior_quantiles_16_50_84": {
    "beta0": [
      0.008358387906953502,
      0.027762381032813158,
      0.05239518984573141
    ],
    "nu2": [
      0.01499958057788654,
      0.03313033917613556,
      0.051740658487091286
    ],
    "x_ini": [
      0.03194329214141708,
      0.08968748820637401,
      0.1699842074569564
    ],
    "h": [
      0.6771443591372289,
      0.6801478323427738,
      0.6833736242472803
    ],
    "omega_b": [
      0.02219660254226225,
      0.022335021695131338,
      0.02247814079895681
    ],
    "omega_c": [
      0.11900896904203798,
      0.11978831068769706,
      0.12057203771853199
    ]
  }
}