{
  "selection": {
    "n_total": 1701,
    "n_selected": 1580,
    "bao_dataset": "DESI_DR2_builtin",
    "growth_dataset": "RSD_diag_minimal_builtin"
  },
  "priors": {
    "h_mean": 0.674,
    "h_sigma": 0.005,
    "omega_b_mean": 0.02237,
    "omega_b_sigma": 0.00015,
    "omega_c_mean": 0.12,
    "omega_c_sigma": 0.0012,
    "sigma8_mean": null,
    "sigma8_sigma": null
  },
  "lcdm": {
    "h": 0.6784343326743829,
    "omega_b": 0.0223477078372248,
    "omega_c": 0.11970382815688511,
    "Omega_m": 0.30862442860853495,
    "chi2_total": 1407.2406606589248,
    "chi2_sn": 1388.7267499864101,
    "chi2_bao": 12.491532665780376,
    "chi2_prior": 0.8695336076357931,
    "chi2_posterior_effective": 1408.1101942665605,
    "Mhat": 23.799800988067343,
    "r_d_Mpc": 148.24300479806465,
    "z_drag": 1020.58604021913,
    "Omega_b0": 0.048553143151229036,
    "Omega_c0": 0.2600712854573059,
    "Omega_r0": 9.074996977577663e-05,
    "sigma8_0_hat": 0.45190080538281163,
    "chi2_growth": 6.022378006734179
  },
  "nchains": 8,
  "nsteps": 1000,
  "burn": 300,
  "acceptance_mean": 0.2675,
  "acceptance_per_chain": [
    0.233,
    0.283,
    0.275,
    0.256,
    0.284,
    0.268,
    0.266,
    0.275
  ],
  "runtime_per_chain_sec": [
    1147.9516932964325,
    1307.872721672058,
    1260.9242506027222,
    1324.3439030647278,
    1291.4105789661407,
    1248.2932889461517,
    1242.8696825504303,
    1309.7563071250916
  ],
  "Rhat": {
    "beta0": 1.015447470129502,
    "nu2": 1.0212854380523533,
    "x_ini": 1.015146844593784,
    "h": 1.011063254180517,
    "omega_b": 1.020656956423959,
    "omega_c": 1.0147379958825458
  },
  "best_fit_tuo": {
    "beta0": 0.021032010543635807,
    "nu2": 0.03346672770777999,
    "x_ini": 0.05267169686059041,
    "h": 0.6794994757954413,
    "omega_b": 0.022380001824969867,
    "omega_c": 0.11985163318975078,
    "logpost": -702.5360431641998,
    "chi2_total": 1403.835875143904,
    "chi2_sn": 1388.8940781578422,
    "chi2_bao": 12.244122728678978,
    "chi2_growth": 2.697674257383011,
    "chi2_prior": 1.2295020322066963,
    "Omega_V0": 0.6922363234253954,
    "z_eq": 3404.1296447936534,
    "z_t": 0.6506568818691196,
    "f_TUO_zstar": 4.21756607823239e-05,
    "r_d_Mpc": 148.1151915366207,
    "z_drag": 1020.6728517950373,
    "sigma8_0_hat": 0.8053537453753906,
    "Omega_b0": 0.048470987259919426,
    "Omega_c0": 0.2595766984674394,
    "Omega_r0": 9.046568421294217e-05
  },
  "delta_chi2_tuo_minus_lcdm": -3.4047855150206487,
  "delta_chi2eff_tuo_minus_lcdm": -3.044817090449669,
  "posterior_quantiles_16_50_84": {
    "beta0": [
      0.009734794539482648,
      0.02919152064000665,
      0.05412231077780837
    ],
    "nu2": [
      0.013780987521993531,
      0.03222601584069879,
      0.05065062993952668
    ],
    "x_ini": [
      0.02591112835878662,
      0.07818019176251996,
      0.15200384727261926
    ],
    "h": [
      0.6770120892861149,
      0.6802045317037038,
      0.6833148411878065
    ],
    "omega_b": [
      0.022173526133805282,
      0.02232097015906497,
      0.022467586989630403
    ],
    "omega_c": [
      0.11905379943054045,
      0.11987149572034209,
      0.12053634019229749
    ]
  }
}