{
  "nsamples": 5600,
  "param_cols": [
    "beta0",
    "nu2",
    "x_ini"
  ],
  "obs_cols": [
    "chi2_total",
    "delta_chi2",
    "chi2_sn",
    "chi2_bao",
    "Omega_V0",
    "z_eq",
    "z_t",
    "f_TUO_zstar",
    "r_d_Mpc",
    "z_drag"
  ],
  "best_fit_from_summary": {
    "beta0": 9.122798711280484e-05,
    "nu2": 0.046086455836453655,
    "x_ini": 0.0010233358130356455,
    "logpost": -718.4794701046749,
    "chi2_total": 1407.075495221539,
    "chi2_sn": 1390.223919056356,
    "chi2_bao": 16.85157616518321,
    "Omega_V0": 0.6999080043668473,
    "z_eq": 3259.8690434431683,
    "z_t": 0.6704563472196113,
    "f_TUO_zstar": 1.712494997503809e-08,
    "r_d_Mpc": 149.35875446911047,
    "z_drag": 1020.8749338611531
  },
  "best_sample_row_index": 786,
  "best_sample": {
    "beta0": 9.122798711280484e-05,
    "nu2": 0.0460864558364536,
    "x_ini": 0.0010233358130356,
    "logpost": -718.4794701046749,
    "chi2_total": 1407.075495221539,
    "chi2_sn": 1390.223919056356,
    "chi2_bao": 16.85157616518321,
    "Omega_V0": 0.6999080043668473,
    "z_eq": 3259.8690434431683,
    "z_t": 0.6704563472196113,
    "f_TUO_zstar": 1.712494997503809e-08,
    "r_d_Mpc": 149.3587544691105,
    "z_drag": 1020.8749338611532,
    "chain": 2.0,
    "delta_chi2": 0.0422198680450947
  },
  "quantiles": {
    "beta0": {
      "q16": 0.005281140372769256,
      "q50": 0.015646389808598,
      "q84": 0.0299494976055008
    },
    "nu2": {
      "q16": 0.0131123360634741,
      "q50": 0.031768147209177,
      "q84": 0.0504805207998245
    },
    "x_ini": {
      "q16": 0.0136266441070052,
      "q50": 0.0470401157571539,
      "q84": 0.09256300848709163
    },
    "chi2_total": {
      "q16": 1407.4507832177421,
      "q50": 1408.4923863853803,
      "q84": 1410.545693909215
    },
    "delta_chi2": {
      "q16": 0.41750786424805486,
      "q50": 1.459111031886323,
      "q84": 3.5124185557210694
    },
    "chi2_sn": {
      "q16": 1390.2307131701707,
      "q50": 1390.2830171212554,
      "q84": 1390.4390752762556
    },
    "chi2_bao": {
      "q16": 17.189459191233986,
      "q50": 18.193601731650055,
      "q84": 20.148319032622275
    },
    "Omega_V0": {
      "q16": 0.6999285858645834,
      "q50": 0.7000900925912596,
      "q84": 0.7006465992799475
    },
    "z_eq": {
      "q16": 3259.8690434431683,
      "q50": 3259.8690434431683,
      "q84": 3259.8690434431683
    },
    "z_t": {
      "q16": 0.6705321370401461,
      "q50": 0.6711085029397462,
      "q84": 0.6728366672768021
    },
    "f_TUO_zstar": {
      "q16": 2.8070152484897195e-06,
      "q50": 3.35505713056611e-05,
      "q84": 0.00013106204616441998
    },
    "r_d_Mpc": {
      "q16": 149.20664723267092,
      "q50": 149.31883589616112,
      "q84": 149.35540421360403
    },
    "z_drag": {
      "q16": 1020.8749338611532,
      "q50": 1020.8749338611532,
      "q84": 1020.8749338611532
    }
  },
  "input_summary_excerpt": {
    "lcdm": {
      "omega_m": 0.2980017601908243,
      "chi2_total": 1407.033275353494,
      "chi2_sn": 1390.6759350821376,
      "chi2_bao": 16.357340271356485,
      "Mhat": 23.796266588811346,
      "r_d_Mpc": 149.61901674780864,
      "z_drag": 1020.789193954968
    },
    "Rhat": {
      "beta0": 1.008965499135223,
      "nu2": 1.0154754112863613,
      "x_ini": 1.0137064683103456
    },
    "posterior_quantiles_16_50_84": {
      "beta0": [
        0.005281140372769275,
        0.015646389808598095,
        0.02994949760550082
      ],
      "nu2": [
        0.013112336063474188,
        0.031768147209177,
        0.05048052079982451
      ],
      "x_ini": [
        0.013626644107005273,
        0.04704011575715398,
        0.09256300848709165
      ]
    },
    "best_fit_tuo": {
      "beta0": 9.122798711280484e-05,
      "nu2": 0.046086455836453655,
      "x_ini": 0.0010233358130356455,
      "logpost": -718.4794701046749,
      "chi2_total": 1407.075495221539,
      "chi2_sn": 1390.223919056356,
      "chi2_bao": 16.85157616518321,
      "Omega_V0": 0.6999080043668473,
      "z_eq": 3259.8690434431683,
      "z_t": 0.6704563472196113,
      "f_TUO_zstar": 1.712494997503809e-08,
      "r_d_Mpc": 149.35875446911047,
      "z_drag": 1020.8749338611531
    }
  }
}