{
  "selection": {
    "n_total": 1701,
    "n_selected": 1580,
    "bao_dataset": "DESI_DR2_builtin",
    "growth_dataset": "eBOSS_DR16_fs8.csv"
  },
  "sector": "negative",
  "sector_cfg": {
    "sector": "negative",
    "beta_floor": 0.0001,
    "beta_max": 0.1,
    "nu_min": 0.005,
    "nu_max": 0.06,
    "x_min": 0.0001,
    "x_max": 0.6
  },
  "priors": {
    "h_mean": 0.674,
    "h_sigma": 0.005,
    "omega_b_mean": 0.02237,
    "omega_b_sigma": 0.00015,
    "omega_c_mean": 0.12,
    "omega_c_sigma": 0.0012,
    "beta0_mean": null,
    "beta0_sigma": null
  },
  "lcdm": {
    "h": 0.6784343326743829,
    "omega_b": 0.0223477078372248,
    "omega_c": 0.11970382815688511,
    "Omega_m": 0.30862442860853495,
    "chi2_total": 1407.0131193295597,
    "chi2_sn": 1388.7267499864101,
    "chi2_bao": 12.491532665780376,
    "chi2_prior": 0.8695336076357931,
    "chi2_posterior_effective": 1407.8826529371954,
    "Mhat": 23.799800988067343,
    "r_d_Mpc": 148.24300479806465,
    "z_drag": 1020.58604021913,
    "Omega_b0": 0.048553143151229036,
    "Omega_c0": 0.2600712854573059,
    "Omega_r0": 9.074996977577663e-05,
    "chi2_growth": 5.794836677369125,
    "sigma8_0_pred": 0.8109146417264301,
    "S8_0_pred": 0.8224881775437374,
    "fs8_pred": [
      0.47335999476524204,
      0.47219267911529306,
      0.46045781151448556,
      0.4472059477031006,
      0.3771284390049463
    ]
  },
  "nchains": 8,
  "nsteps": 2000,
  "burn": 500,
  "acceptance_mean": 0.34775,
  "acceptance_per_chain": [
    0.347,
    0.36,
    0.3225,
    0.3625,
    0.349,
    0.365,
    0.332,
    0.344
  ],
  "runtime_per_chain_sec": [
    11136.871869325638,
    11130.3842689991,
    11122.609282016754,
    11141.173831939697,
    11152.361859321594,
    11110.747236967087,
    11167.289855480194,
    11095.68868112564
  ],
  "Rhat_theta": {
    "beta0": 1.0146388657264884,
    "nu2": 1.007256303200187,
    "x_ini": 1.0055734882357656,
    "h": 1.0021544702398524,
    "omega_b": 1.012041219390023,
    "omega_c": 1.007220540460016
  },
  "Rhat_u": {
    "u_beta": 1.0215452984804756,
    "u_nu": 1.0077990675637192,
    "u_x": 1.0088541429506588,
    "u_h": 1.002154470239863,
    "u_omega_b": 1.0120412193900084,
    "u_omega_c": 1.0072205404599879
  },
  "best_fit_tuo": {
    "beta0": -0.05083379465735175,
    "nu2": 0.010419670970696708,
    "x_ini": 0.025712948974347657,
    "h": 0.6834287487828006,
    "omega_b": 0.02248430000940883,
    "omega_c": 0.1199208821562834,
    "logpost": -718.0124588825076,
    "chi2_total": 1406.3856952249348,
    "chi2_sn": 1389.8669718429446,
    "chi2_bao": 11.037739470260188,
    "chi2_growth": 5.480983911729865,
    "chi2_prior": 4.199470029445373,
    "Omega_V0": 0.6980482552636955,
    "z_eq": 3408.284626612983,
    "z_t": 0.664606116479931,
    "f_TUO_zstar": 1.0028974588829836e-05,
    "r_d_Mpc": 148.01244410865345,
    "z_drag": 1020.9176941803016,
    "sigma8_0_pred": 0.8190980613239472,
    "S8_0_pred": 0.8257430438681057,
    "Omega_b0": 0.04813853664984807,
    "Omega_c0": 0.25674874371657797,
    "Omega_r0": 8.942843629248348e-05
  },
  "delta_chi2_tuo_minus_lcdm": -0.627424104624879,
  "delta_chi2eff_tuo_minus_lcdm": 2.7025123171847554,
  "delta_AIC_tuo_minus_lcdm": 5.372575895375121,
  "delta_AICeff_tuo_minus_lcdm": 8.702512317184755,
  "posterior_quantiles_16_50_84": {
    "beta0": [
      -0.05778019627251989,
      -0.03006249717658136,
      -0.00963738708547725
    ],
    "nu2": [
      0.015251087668571663,
      0.03401930346656773,
      0.05105511400180587
    ],
    "x_ini": [
      0.02579935730786776,
      0.08121509912747896,
      0.15595223239956274
    ],
    "h": [
      0.6775123163460632,
      0.6804943465489246,
      0.6837392750557975
    ],
    "omega_b": [
      0.022179984178212857,
      0.02233539516302429,
      0.022467504417635644
    ],
    "omega_c": [
      0.11892191124745022,
      0.11972638855720007,
      0.12048579601612028
    ]
  }
}