{
  "selection": {
    "n_total": 1701,
    "n_selected": 1580,
    "bao_dataset": "DESI_DR2_builtin"
  },
  "priors": {
    "h_mean": 0.674,
    "h_sigma": 0.005,
    "omega_b_mean": 0.02237,
    "omega_b_sigma": 0.00015,
    "omega_c_mean": 0.12,
    "omega_c_sigma": 0.0012
  },
  "lcdm": {
    "h": 0.6784343326743829,
    "omega_b": 0.0223477078372248,
    "omega_c": 0.11970382815688511,
    "Omega_m": 0.30862442860853495,
    "chi2_total": 1401.2182826521905,
    "chi2_sn": 1388.7267499864101,
    "chi2_bao": 12.491532665780376,
    "chi2_prior": 0.8695336076357931,
    "chi2_posterior_effective": 1402.0878162598262,
    "Mhat": 23.799800988067343,
    "r_d_Mpc": 148.24300479806465,
    "z_drag": 1020.58604021913,
    "Omega_b0": 0.048553143151229036,
    "Omega_c0": 0.2600712854573059,
    "Omega_r0": 9.074996977577663e-05
  },
  "nchains": 8,
  "nsteps": 1000,
  "burn": 300,
  "acceptance_mean": 0.28637500000000005,
  "acceptance_per_chain": [
    0.322,
    0.295,
    0.286,
    0.272,
    0.292,
    0.242,
    0.282,
    0.3
  ],
  "runtime_per_chain_sec": [
    55.50234770774841,
    51.71065425872803,
    52.7064995765686,
    47.79895997047424,
    52.51299858093262,
    47.84017372131348,
    50.250192165374756,
    52.572877645492554
  ],
  "Rhat": {
    "beta0": 1.023890533321612,
    "nu2": 1.0412376989644982,
    "x_ini": 1.0114753317416194,
    "h": 1.0131280938546683,
    "omega_b": 1.008991086286086,
    "omega_c": 1.009480107456718
  },
  "best_fit_tuo": {
    "beta0": 0.01099534756257575,
    "nu2": 0.007726067163731311,
    "x_ini": 0.032536716396239555,
    "h": 0.6789141100905576,
    "omega_b": 0.0223660745447697,
    "omega_c": 0.11963585157038133,
    "logpost": -701.0867019006198,
    "chi2_total": 1401.1146936628475,
    "chi2_sn": 1388.8283540308475,
    "chi2_bao": 12.286339631999839,
    "chi2_prior": 1.0587101383922108,
    "Omega_V0": 0.69197905803103,
    "z_eq": 3398.631845556365,
    "z_t": 0.6496869587690685,
    "f_TUO_zstar": 1.60643422308097e-05,
    "r_d_Mpc": 148.2214034041178,
    "z_drag": 1020.6224331486125,
    "Omega_b0": 0.048524391537627776,
    "Omega_c0": 0.2595563603223464,
    "Omega_r0": 9.062175207947208e-05
  },
  "delta_chi2_tuo_minus_lcdm": -0.10358898934305216,
  "delta_chi2eff_tuo_minus_lcdm": 0.08558754141336067,
  "posterior_quantiles_16_50_84": {
    "beta0": [
      0.00892655825906741,
      0.026777336793581574,
      0.053559043704154846
    ],
    "nu2": [
      0.011791033828602438,
      0.027422625183748554,
      0.04739404328753982
    ],
    "x_ini": [
      0.019399095995697398,
      0.07050239992094642,
      0.13680342667701462
    ],
    "h": [
      0.6766047460555263,
      0.6796533642441749,
      0.6826827174281321
    ],
    "omega_b": [
      0.02219832380695843,
      0.02232714935241594,
      0.02247587633765417
    ],
    "omega_c": [
      0.11874985694414489,
      0.11985394365814361,
      0.12096145677363739
    ]
  }
}