{
  "nsamples": 5600,
  "param_cols": [
    "beta0",
    "nu2",
    "x_ini",
    "h",
    "omega_b",
    "omega_c"
  ],
  "obs_cols": [
    "chi2_total",
    "delta_chi2",
    "chi2_sn",
    "chi2_bao",
    "Omega_V0",
    "z_eq",
    "z_t",
    "f_TUO_zstar",
    "r_d_Mpc",
    "z_drag"
  ],
  "best_fit_from_summary": {
    "beta0": 0.01099534756257575,
    "nu2": 0.007726067163731311,
    "x_ini": 0.032536716396239555,
    "h": 0.6789141100905576,
    "omega_b": 0.0223660745447697,
    "omega_c": 0.11963585157038133,
    "logpost": -701.0867019006198,
    "chi2_total": 1401.1146936628475,
    "chi2_sn": 1388.8283540308475,
    "chi2_bao": 12.286339631999839,
    "chi2_prior": 1.0587101383922108,
    "Omega_V0": 0.69197905803103,
    "z_eq": 3398.631845556365,
    "z_t": 0.6496869587690685,
    "f_TUO_zstar": 1.60643422308097e-05,
    "r_d_Mpc": 148.2214034041178,
    "z_drag": 1020.6224331486125,
    "Omega_b0": 0.048524391537627776,
    "Omega_c0": 0.2595563603223464,
    "Omega_r0": 9.062175207947208e-05
  },
  "best_sample_row_index": 486,
  "best_sample": {
    "beta0": 0.0105623370884531,
    "nu2": 0.0214188833571795,
    "x_ini": 0.1380367310355488,
    "h": 0.6797146380502892,
    "omega_b": 0.022051543566594,
    "omega_c": 0.1182222883280618,
    "logpost": -704.3464540965986,
    "chi2_total": 1400.6846894025343,
    "chi2_sn": 1389.5602521076798,
    "chi2_bao": 11.124437294854388,
    "chi2_prior": 8.008218790662905,
    "Omega_V0": 0.6964097581652751,
    "z_eq": 3357.2583657299087,
    "z_t": 0.6612672987905157,
    "f_TUO_zstar": 0.0002924382694659,
    "r_d_Mpc": 148.67525900449692,
    "z_drag": 1019.771747734498,
    "Omega_b0": 0.0477293751743108,
    "Omega_c0": 0.2558857585880623,
    "Omega_r0": 9.040841982950514e-05,
    "delta_chi2": -0.5335932496561782
  },
  "quantiles": {
    "beta0": {
      "q16": 0.0089265582590674,
      "q50": 0.0267773367935815,
      "q84": 0.0535590437041548
    },
    "nu2": {
      "q16": 0.0117910338286024,
      "q50": 0.0274226251837485,
      "q84": 0.0473940432875398
    },
    "x_ini": {
      "q16": 0.019399095995697325,
      "q50": 0.0705023999209464,
      "q84": 0.1368034266770146
    },
    "h": {
      "q16": 0.6766047460555263,
      "q50": 0.6796533642441749,
      "q84": 0.6826827174281321
    },
    "omega_b": {
      "q16": 0.0221983238069584,
      "q50": 0.0223271493524159,
      "q84": 0.022475876337654084
    },
    "omega_c": {
      "q16": 0.1187498569441448,
      "q50": 0.1198539436581436,
      "q84": 0.1209614567736373
    },
    "chi2_total": {
      "q16": 1401.004891499063,
      "q50": 1401.8678213230658,
      "q84": 1404.3080858254702
    },
    "delta_chi2": {
      "q16": -0.21339115312753165,
      "q50": 0.6495386708752449,
      "q84": 3.0898031732797335
    },
    "chi2_sn": {
      "q16": 1388.478672712743,
      "q50": 1389.0796164497733,
      "q84": 1389.857081182301
    },
    "chi2_bao": {
      "q16": 11.473589932016136,
      "q50": 12.733045704763018,
      "q84": 15.448825071398131
    },
    "Omega_V0": {
      "q16": 0.6892932233649294,
      "q50": 0.6932669485965978,
      "q84": 0.6973577904195988
    },
    "z_eq": {
      "q16": 3376.364828427367,
      "q50": 3402.8112502840813,
      "q84": 3431.439314495213
    },
    "z_t": {
      "q16": 0.643104202454903,
      "q50": 0.653540059058803,
      "q84": 0.6644422857150439
    },
    "f_TUO_zstar": {
      "q16": 5.705938626917521e-06,
      "q50": 7.572122088405888e-05,
      "q84": 0.0002862698943101
    },
    "r_d_Mpc": {
      "q16": 147.6751759260963,
      "q50": 148.06916152639062,
      "q84": 148.4704456681172
    },
    "z_drag": {
      "q16": 1020.2443427179431,
      "q50": 1020.560565181379,
      "q84": 1020.9024928481356
    }
  },
  "input_summary_excerpt": {
    "lcdm": {
      "h": 0.6784343326743829,
      "omega_b": 0.0223477078372248,
      "omega_c": 0.11970382815688511,
      "Omega_m": 0.30862442860853495,
      "chi2_total": 1401.2182826521905,
      "chi2_sn": 1388.7267499864101,
      "chi2_bao": 12.491532665780376,
      "chi2_prior": 0.8695336076357931,
      "chi2_posterior_effective": 1402.0878162598262,
      "Mhat": 23.799800988067343,
      "r_d_Mpc": 148.24300479806465,
      "z_drag": 1020.58604021913,
      "Omega_b0": 0.048553143151229036,
      "Omega_c0": 0.2600712854573059,
      "Omega_r0": 9.074996977577663e-05
    },
    "Rhat": {
      "beta0": 1.023890533321612,
      "nu2": 1.0412376989644982,
      "x_ini": 1.0114753317416194,
      "h": 1.0131280938546683,
      "omega_b": 1.008991086286086,
      "omega_c": 1.009480107456718
    },
    "posterior_quantiles_16_50_84": {
      "beta0": [
        0.00892655825906741,
        0.026777336793581574,
        0.053559043704154846
      ],
      "nu2": [
        0.011791033828602438,
        0.027422625183748554,
        0.04739404328753982
      ],
      "x_ini": [
        0.019399095995697398,
        0.07050239992094642,
        0.13680342667701462
      ],
      "h": [
        0.6766047460555263,
        0.6796533642441749,
        0.6826827174281321
      ],
      "omega_b": [
        0.02219832380695843,
        0.02232714935241594,
        0.02247587633765417
      ],
      "omega_c": [
        0.11874985694414489,
        0.11985394365814361,
        0.12096145677363739
      ]
    },
    "best_fit_tuo": {
      "beta0": 0.01099534756257575,
      "nu2": 0.007726067163731311,
      "x_ini": 0.032536716396239555,
      "h": 0.6789141100905576,
      "omega_b": 0.0223660745447697,
      "omega_c": 0.11963585157038133,
      "logpost": -701.0867019006198,
      "chi2_total": 1401.1146936628475,
      "chi2_sn": 1388.8283540308475,
      "chi2_bao": 12.286339631999839,
      "chi2_prior": 1.0587101383922108,
      "Omega_V0": 0.69197905803103,
      "z_eq": 3398.631845556365,
      "z_t": 0.6496869587690685,
      "f_TUO_zstar": 1.60643422308097e-05,
      "r_d_Mpc": 148.2214034041178,
      "z_drag": 1020.6224331486125,
      "Omega_b0": 0.048524391537627776,
      "Omega_c0": 0.2595563603223464,
      "Omega_r0": 9.062175207947208e-05
    }
  }
}